sale_date,revenue,orders,avg_order_value
2024-01-07,15845.96,51,310.70509803921567
2024-01-14,20285.94,75,270.4792
2024-01-21,19723.8,60,328.72999999999996
2024-01-28,17283.51,64,270.05484375
2024-02-04,16788.65,66,254.37348484848488
2024-02-11,19586.97,73,268.3146575342466
2024-02-18,18102.18,66,274.2754545454545
2024-02-25,16440.829999999998,54,304.45981481481476
2024-03-03,27740.88,96,288.96750000000003
2024-03-10,19176.18,76,252.31815789473686
2024-03-17,22401.13,72,311.12680555555556
2024-03-24,24328.48,83,293.11421686746985
2024-03-31,19031.8,75,253.75733333333332
2024-04-07,23359.84,76,307.3663157894737
2024-04-14,25326.61,89,284.56865168539326
2024-04-21,24043.92,85,282.8696470588235
2024-04-28,26090.18,81,322.100987654321
2024-05-05,24945.79,83,300.55168674698797
2024-05-12,25734.41,85,302.7577647058823
2024-05-19,20335.21,77,264.09363636363634
2024-05-26,23634.63,82,288.22719512195124
2024-06-02,24791.77,79,313.8198734177215
2024-06-09,32600.09,97,336.0834020618557
2024-06-16,27392.36,102,268.55254901960785
2024-06-23,24078.35,94,256.1526595744681
2024-06-30,33860.02,117,289.4018803418803
2024-07-07,29049.17,106,274.04877358490563
2024-07-14,29834.14,93,320.7972043010753
2024-07-21,30767.42,97,317.18989690721645
2024-07-28,31801.82,114,278.9633333333333
2024-08-04,30143.99,91,331.25263736263736
2024-08-11,28650.260000000002,93,308.067311827957
2024-08-18,29912.91,110,271.93554545454543
2024-08-25,28667.04,100,286.67040000000003
2024-09-01,31584.079999999998,111,284.54126126126124
2024-09-08,20401.91,80,255.023875
2024-09-15,24163.32,73,331.0043835616438
2024-09-22,24467.74,80,305.84675000000004
2024-09-29,24090.56,85,283.41835294117647
2024-10-06,25184.18,69,364.98811594202897
2024-10-13,23570.35,78,302.18397435897435
2024-10-20,23422.3,66,354.8833333333333
2024-10-27,33220.04,97,342.4746391752577
2024-11-03,25262.760000000002,84,300.7471428571429
2024-11-10,19194.5,64,299.9140625
2024-11-17,25529.97,89,286.853595505618
2024-11-24,20133.079999999998,69,291.783768115942
2024-12-01,27740.94,89,311.69595505617974
2024-12-08,38750.22,113,342.92230088495575
2024-12-15,33865.49,101,335.3018811881188
2024-12-22,27218.920000000002,102,266.8521568627451
2024-12-29,34388.82,112,307.04303571428574
2025-01-05,12092.39,43,281.2183720930232
